id,name,type,expansion,link,parentOverride
1,Durotar,Zone,Vanilla,,
2,Burning Blade Coven,,Vanilla,1,
3,Tiragarde Keep,,Vanilla,1,
4,Tiragarde Keep,,Vanilla,1,
5,Skull Rock,,Vanilla,1,
6,Dustwind Cave,,Vanilla,1,
7,Mulgore,Zone,Vanilla,,
8,Palemane Rock,,Vanilla,7,
9,The Venture Co. Mine,,Vanilla,7,
10,Northern Barrens,Zone,Cata,,
11,Wailing Caverns,,Cata,10,
12,Kalimdor,Continent,Vanilla,,
13,Eastern Kingdoms,Continent,Vanilla,,
14,Arathi Highlands,Zone,Vanilla,,
15,Badlands,Zone,Vanilla,,
16,Uldaman,,Vanilla,15,
17,Blasted Lands,Zone,Vanilla,,
18,Tirisfal Glades,Zone,Vanilla,,
19,Scarlet Monastery Entrance,,Vanilla,18,
20,Keeper's Rest,,Vanilla,18,
21,Silverpine Forest,Zone,Vanilla,,
22,Western Plaguelands,Zone,Vanilla,,
23,Eastern Plaguelands,Zone,Vanilla,,
24,Light's Hope Chapel,ClassHall,Legion,,
25,Hillsbrad Foothills,Zone,Vanilla,,
26,The Hinterlands,Zone,Vanilla,,
27,Dun Morogh,Zone,Vanilla,,
28,Coldridge Pass,,Vanilla,27,
29,The Grizzled Den,,Vanilla,27,
30,New Tinkertown,,Vanilla,27,
31,Gol'Bolar Quarry,,Vanilla,27,
32,Searing Gorge,Zone,Vanilla,,
33,Blackrock Mountain,Zone,Vanilla,,
34,Blackrock Mountain,,Vanilla,33,
35,Blackrock Mountain,,Vanilla,33,
36,Burning Steppes,Zone,Vanilla,,
37,Elwynn Forest,Zone,Vanilla,,
38,Fargodeep Mine,,Vanilla,37,
39,Fargodeep Mine,,Vanilla,37,
40,Jasperlode Mine,,Vanilla,37,
42,Deadwind Pass,Zone,Vanilla,,
43,The Master's Cellar,,Vanilla,42,
44,The Master's Cellar,,Vanilla,42,
45,The Master's Cellar,,Vanilla,42,
46,Karazhan Catacombs,,Vanilla,42,
47,Duskwood,Zone,Vanilla,,
48,Loch Modan,Zone,Vanilla,,
49,Redridge Mountains,Zone,Vanilla,,
50,Northern Stranglethorn,Zone,Cata,,
51,Swamp of Sorrows,Zone,Vanilla,,
52,Westfall,Zone,Vanilla,,
53,Gold Coast Quarry,,Vanilla,52,
54,Jangolode Mine,,Vanilla,52,
55,The Deadmines,,Vanilla,52,
56,Wetlands,Zone,Vanilla,,
57,Teldrassil,Zone,Vanilla,,
58,Shadowthread Cave,,Vanilla,57,
59,Fel Rock,,Vanilla,57,
60,Ban'ethil Barrow Den,,Vanilla,57,
61,Ban'ethil Barrow Den,,Vanilla,57,
62,Darkshore,Zone,Vanilla,,
63,Ashenvale,Zone,Vanilla,,
64,Thousand Needles,Zone,Vanilla,,
65,Stonetalon Mountains,Zone,Vanilla,,
66,Desolace,Zone,Vanilla,,
67,Maraudon,,Vanilla,66,
68,Maraudon,,Vanilla,66,
69,Feralas,Zone,Vanilla,,
70,Dustwallow Marsh,Zone,Vanilla,,
71,Tanaris,Zone,Vanilla,,
72,The Noxious Lair,,Vanilla,71,
73,The Gaping Chasm,,Vanilla,71,
74,Caverns of Time,Zone,Vanilla,,
75,Caverns of Time,,Vanilla,74,
76,Azshara,Zone,Vanilla,,
77,Felwood,Zone,Vanilla,,
78,Un'Goro Crater,Zone,Vanilla,,
79,The Slithering Scar,,Vanilla,78,
80,Moonglade,Zone,Vanilla,,
81,Silithus,Zone,Vanilla,,
82,Twilight's Run,,Vanilla,81,
83,Winterspring,Zone,Vanilla,,
84,Stormwind City,City,Vanilla,,
85,Orgrimmar,City,Vanilla,,
86,Orgrimmar,,Vanilla,85,
87,Ironforge,City,Vanilla,,
88,Thunder Bluff,City,Vanilla,,
89,Darnassus,City,Vanilla,,
90,Undercity,City,Vanilla,,
91,Alterac Valley,Battleground,Vanilla,,
92,Warsong Gulch,Battleground,Vanilla,,
93,Arathi Basin,Battleground,Vanilla,,
94,Eversong Woods,Zone,TBC,,
95,Ghostlands,Zone,TBC,,
96,Amani Catacombs,,TBC,95,
97,Azuremyst Isle,Zone,TBC,,
98,Tides' Hollow,,TBC,97,
99,Stillpine Hold,,TBC,97,
100,Hellfire Peninsula,Zone,TBC,,
101,Outland,Continent,TBC,,
102,Zangarmarsh,Zone,TBC,,
103,The Exodar,City,TBC,,
104,Shadowmoon Valley,Zone,TBC,,
105,Blade's Edge Mountains,Zone,TBC,,
106,Bloodmyst Isle,,TBC,97,
107,Nagrand,Zone,TBC,,
108,Terokkar Forest,Zone,TBC,,
109,Netherstorm,Zone,TBC,,
110,Silvermoon City,City,TBC,,
111,Shattrath City,City,TBC,,
112,Eye of the Storm,Battleground,TBC,,
113,Northrend,Continent,WotLK,,
114,Borean Tundra,Zone,WotLK,,
115,Dragonblight,Zone,WotLK,,
116,Grizzly Hills,Zone,WotLK,,
117,Howling Fjord,Zone,WotLK,,
118,Icecrown,Zone,WotLK,,
119,Sholazar Basin,Zone,WotLK,,
120,The Storm Peaks,Zone,WotLK,,
121,Zul'Drak,Zone,WotLK,,
122,Isle of Quel'Danas,Zone,TBC,,
123,Wintergrasp,Battleground,WotLK,,
125,Dalaran,City,WotLK,,
126,Dalaran,,WotLK,125,
127,Crystalsong Forest,Zone,WotLK,,
128,Strand of the Ancients,Battleground,WotLK,,
129,The Nexus,Dungeon,WotLK,,
130,The Culling of Stratholme,Dungeon,WotLK,,
131,The Culling of Stratholme,,WotLK,130,
132,Ahn'kahet: The Old Kingdom,Dungeon,WotLK,,
133,Utgarde Keep,Dungeon,WotLK,,
134,Utgarde Keep,,WotLK,133,
135,Utgarde Keep,,WotLK,133,
136,Utgarde Pinnacle,Dungeon,WotLK,,
137,Utgarde Pinnacle,,WotLK,136,
138,Halls of Lightning,Dungeon,WotLK,,
139,Halls of Lightning,,WotLK,138,
140,Halls of Stone,Dungeon,WotLK,,
141,The Eye of Eternity,Raid,WotLK,,
143,The Oculus,Dungeon,WotLK,,
144,The Oculus,,WotLK,143,
145,The Oculus,,WotLK,143,
146,The Oculus,,WotLK,143,
147,Ulduar,Raid,WotLK,,
148,Ulduar,,WotLK,147,
149,Ulduar,,WotLK,147,
150,Ulduar,,WotLK,147,
151,Ulduar,,WotLK,147,
152,Ulduar,,WotLK,147,
154,Gundrak,Dungeon,WotLK,,
155,The Obsidian Sanctum,Raid,WotLK,,
156,Vault of Archavon,Raid,WotLK,,
157,Azjol-Nerub,Dungeon,WotLK,,
158,Azjol-Nerub,,WotLK,157,
159,Azjol-Nerub,,WotLK,157,
160,Drak'Tharon Keep,Dungeon,WotLK,,
161,Drak'Tharon Keep,,WotLK,160,
162,Naxxramas,Raid,WotLK,,
163,Naxxramas,,WotLK,162,
164,Naxxramas,,WotLK,162,
165,Naxxramas,,WotLK,162,
166,Naxxramas,,WotLK,162,
167,Naxxramas,,WotLK,162,
168,The Violet Hold,Dungeon,WotLK,,
169,Isle of Conquest,Battleground,WotLK,,
170,Hrothgar's Landing,,WotLK,118,
171,Trial of the Champion,Dungeon,WotLK,,
172,Trial of the Crusader,Raid,WotLK,,
173,Trial of the Crusader,,WotLK,172,
183,The Forge of Souls,Dungeon,WotLK,,
184,Pit of Saron,Dungeon,WotLK,,
185,Halls of Reflection,Dungeon,WotLK,,
186,Icecrown Citadel,Raid,WotLK,,
187,Icecrown Citadel,,WotLK,186,
188,Icecrown Citadel,,WotLK,186,
189,Icecrown Citadel,,WotLK,186,
190,Icecrown Citadel,,WotLK,186,
191,Icecrown Citadel,,WotLK,186,
192,Icecrown Citadel,,WotLK,186,
193,Icecrown Citadel,,WotLK,186,
198,Mount Hyjal,Zone,Cata,,
199,Southern Barrens,Zone,Cata,,
200,The Ruby Sanctum,Raid,WotLK,,
201,Kelp'thar Forest,Zone,Cata,,
203,Vashj'ir,,Cata,201,
204,Abyssal Depths,,Cata,201,
205,Shimmering Expanse,,Cata,201,
206,Twin Peaks,Battleground,Cata,,
207,Deepholm,Zone,Cata,,
208,Twilight Depths,,Cata,207,
209,Twilight Depths,,Cata,207,
210,The Cape of Stranglethorn,Zone,Cata,,
213,Ragefire Chasm,Dungeon,Vanilla,,
217,Ruins of Gilneas,Zone,Cata,,
218,Ruins of Gilneas City,City,Cata,,
219,Zul'Farrak,Dungeon,Vanilla,,
220,The Temple of Atal'Hakkar,Dungeon,Vanilla,,
221,Blackfathom Deeps,Dungeon,Vanilla,,
222,Blackfathom Deeps,,Vanilla,221,
223,Blackfathom Deeps,,Vanilla,221,
224,Stranglethorn Vale,Zone,Cata,,
225,The Stockade,Dungeon,Vanilla,,
226,Gnomeregan,Dungeon,Vanilla,,
227,Gnomeregan,,Vanilla,226,
228,Gnomeregan,,Vanilla,226,
229,Gnomeregan,,Vanilla,226,
230,Uldaman,Dungeon,Vanilla,,
231,Uldaman,,Vanilla,230,
232,Molten Core,Raid,Vanilla,,
235,Dire Maul,Dungeon,Vanilla,,
236,Dire Maul,,Vanilla,235,
237,Dire Maul,,Vanilla,235,
238,Dire Maul,,Vanilla,235,
239,Dire Maul,,Vanilla,235,
240,Dire Maul,,Vanilla,235,
241,Twilight Highlands,Zone,Cata,,
242,Blackrock Depths,Dungeon,Vanilla,,
243,Blackrock Depths,,Vanilla,242,
244,Tol Barad,Battleground,Cata,,
245,Tol Barad Peninsula,Zone,Cata,,
246,The Shattered Halls,Dungeon,TBC,,
247,Ruins of Ahn'Qiraj,Raid,Vanilla,,
248,Onyxia's Lair,Raid,WotLK,,
249,Uldum,Zone,Cata,,
250,Blackrock Spire,Dungeon,Vanilla,,
251,Blackrock Spire,,Vanilla,250,
252,Blackrock Spire,,Vanilla,250,
253,Blackrock Spire,,Vanilla,250,
254,Blackrock Spire,,Vanilla,250,
255,Blackrock Spire,,Vanilla,250,
256,Auchenai Crypts,Dungeon,TBC,,
257,Auchenai Crypts,,TBC,256,
258,Sethekk Halls,Dungeon,TBC,,
259,Sethekk Halls,,TBC,258,
260,Shadow Labyrinth,Dungeon,TBC,,
261,The Blood Furnace,Dungeon,TBC,,
262,The Underbog,Dungeon,TBC,,
263,The Steamvault,Dungeon,TBC,,
264,The Steamvault,,TBC,263,
265,The Slave Pens,Dungeon,TBC,,
266,The Botanica,Dungeon,TBC,,
267,The Mechanar,Dungeon,TBC,,
268,The Mechanar,,TBC,267,
269,The Arcatraz,Dungeon,TBC,,
270,The Arcatraz,,TBC,269,
271,The Arcatraz,,TBC,269,
272,Mana-Tombs,Dungeon,TBC,,
273,The Black Morass,Dungeon,TBC,,
274,Old Hillsbrad Foothills,Dungeon,TBC,,
275,The Battle for Gilneas,Battleground,Cata,,
276,The Maelstrom,Zone,Cata,,
277,Lost City of the Tol'vir,Dungeon,Cata,,
279,Wailing Caverns,Dungeon,Vanilla,,
280,Maraudon,Dungeon,Vanilla,,
281,Maraudon,,Vanilla,280,
282,Baradin Hold,Raid,Cata,,
283,Blackrock Caverns,Dungeon,Cata,,
284,Blackrock Caverns,,Cata,283,
285,Blackwing Descent,Raid,Cata,,
286,Blackwing Descent,,Cata,285,
287,Blackwing Lair,Raid,Vanilla,,
288,Blackwing Lair,,Vanilla,287,
289,Blackwing Lair,,Vanilla,287,
290,Blackwing Lair,,Vanilla,287,
291,The Deadmines,Dungeon,Vanilla,,
292,The Deadmines,,Vanilla,291,
293,Grim Batol,Dungeon,Cata,,
294,The Bastion of Twilight,Raid,Cata,,
295,The Bastion of Twilight,,Cata,294,
296,The Bastion of Twilight,,Cata,294,
297,Halls of Origination,Dungeon,Cata,,
298,Halls of Origination,,Cata,297,
299,Halls of Origination,,Cata,297,
300,Razorfen Downs,Dungeon,Vanilla,,
301,Razorfen Kraul,Dungeon,Vanilla,,
302,Scarlet Monastery,Dungeon,Vanilla,,
303,Scarlet Monastery,,Vanilla,302,
304,Scarlet Monastery,,Vanilla,302,
305,Scarlet Monastery,,Vanilla,302,
306,Legacy of Scholomance,Dungeon,Vanilla,,
307,Legacy of Scholomance,,Vanilla,306,
308,Legacy of Scholomance,,Vanilla,306,
309,Legacy of Scholomance,,Vanilla,306,
310,Shadowfang Keep,Dungeon,Vanilla,,
311,Shadowfang Keep,,Vanilla,310,
312,Shadowfang Keep,,Vanilla,310,
313,Shadowfang Keep,,Vanilla,310,
314,Shadowfang Keep,,Vanilla,310,
315,Shadowfang Keep,,Vanilla,310,
316,Shadowfang Keep,,Vanilla,310,
317,Stratholme,Dungeon,Vanilla,,
318,Stratholme,,Vanilla,317,
319,Ahn'Qiraj,Raid,Vanilla,,
320,Ahn'Qiraj,,Vanilla,319,
321,Ahn'Qiraj,,Vanilla,319,
322,Throne of the Tides,Dungeon,Cata,,
323,Throne of the Tides,,Cata,322,
324,The Stonecore,Dungeon,Cata,,
325,The Vortex Pinnacle,Dungeon,Cata,,
327,Ahn'Qiraj: The Fallen Kingdom,Zone,Vanilla,,
328,Throne of the Four Winds,Raid,Cata,,
329,Hyjal Summit,Raid,TBC,,
330,Gruul's Lair,Raid,TBC,,
331,Magtheridon's Lair,Raid,TBC,,
332,Serpentshrine Cavern,Raid,TBC,,
333,Zul'Aman,Dungeon,Cata,,
334,Tempest Keep,Raid,TBC,,
335,Sunwell Plateau,Raid,TBC,,
336,Sunwell Plateau,,TBC,335,
337,Zul'Gurub,Dungeon,Cata,,
338,Molten Front,Zone,Cata,,
339,Black Temple,Raid,TBC,,
340,Black Temple,,TBC,339,
341,Black Temple,,TBC,339,
342,Black Temple,,TBC,339,
343,Black Temple,,TBC,339,
344,Black Temple,,TBC,339,
345,Black Temple,,TBC,339,
346,Black Temple,,TBC,339,
347,Hellfire Ramparts,Dungeon,TBC,,
348,Magisters' Terrace,Dungeon,TBC,,
349,Magisters' Terrace,,TBC,348,
350,Karazhan,Raid,TBC,,
351,Karazhan,,TBC,350,
352,Karazhan,,TBC,350,
353,Karazhan,,TBC,350,
354,Karazhan,,TBC,350,
355,Karazhan,,TBC,350,
356,Karazhan,,TBC,350,
357,Karazhan,,TBC,350,
358,Karazhan,,TBC,350,
359,Karazhan,,TBC,350,
360,Karazhan,,TBC,350,
361,Karazhan,,TBC,350,
362,Karazhan,,TBC,350,
363,Karazhan,,TBC,350,
364,Karazhan,,TBC,350,
365,Karazhan,,TBC,350,
366,Karazhan,,TBC,350,
367,Firelands,Raid,Cata,,
368,Firelands,,Cata,367,
369,Firelands,,Cata,367,
371,The Jade Forest,Zone,MoP,,
372,Greenstone Quarry,,MoP,371,
373,Greenstone Quarry,,MoP,371,
374,The Widow's Wail,,MoP,371,
375,Oona Kagu,,MoP,371,
376,Valley of the Four Winds,Zone,MoP,,
377,Cavern of Endless Echoes,,MoP,376,
379,Kun-Lai Summit,Zone,MoP,,
380,Howlingwind Cavern,,MoP,379,
381,Pranksters' Hollow,,MoP,379,
382,Knucklethump Hole,,MoP,379,
383,The Deeper,,MoP,379,
384,The Deeper,,MoP,379,
385,Tomb of Conquerors,,MoP,379,
386,Ruins of Korune,,MoP,379,
387,Ruins of Korune,,MoP,379,
388,Townlong Steppes,Zone,MoP,,
389,Niuzao Temple,,MoP,388,
390,Vale of Eternal Blossoms,Zone,MoP,,
391,Shrine of Two Moons,City,MoP,,
392,Shrine of Two Moons,,MoP,391,
393,Shrine of Seven Stars,City,MoP,,
394,Shrine of Seven Stars,,MoP,393,
395,Guo-Lai Halls,,MoP,390,
396,Guo-Lai Halls,,MoP,390,
397,Eye of the Storm,,TBC,112,
398,Well of Eternity,Dungeon,Cata,,
399,Hour of Twilight,Dungeon,Cata,,
400,Hour of Twilight,,Cata,399,
401,End Time,Dungeon,Cata,,
402,End Time,,Cata,401,
403,End Time,,Cata,401,
404,End Time,,Cata,401,
405,End Time,,Cata,401,
406,End Time,,Cata,401,
407,Darkmoon Island,Zone,Cata,,
408,Darkmoon Island,,Cata,407,
409,Dragon Soul,Raid,Cata,,
410,Dragon Soul,,Cata,409,
411,Dragon Soul,,Cata,409,
412,Dragon Soul,,Cata,409,
413,Dragon Soul,,Cata,409,
414,Dragon Soul,,Cata,409,
415,Dragon Soul,,Cata,409,
416,Dustwallow Marsh,Scenario,MoP,,
417,Temple of Kotmogu,Battleground,MoP,,
418,Krasarang Wilds,Zone,MoP,,
419,Ruins of Ogudei,,MoP,418,
420,Ruins of Ogudei,,MoP,418,
421,Ruins of Ogudei,,MoP,418,
422,Dread Wastes,Zone,MoP,,
423,Silvershard Mines,Battleground,MoP,,
424,Pandaria,Continent,MoP,,
425,Northshire,,Vanilla,37,
426,Echo Ridge Mine,,Vanilla,37,
427,Coldridge Valley,,Vanilla,27,
428,Frostmane Hovel,,Vanilla,27,
429,Temple of the Jade Serpent,Dungeon,MoP,,
430,Temple of the Jade Serpent,,MoP,429,
431,Scarlet Halls,Dungeon,MoP,,
432,Scarlet Halls,,MoP,431,
433,The Veiled Stair,Zone,MoP,,
434,The Ancient Passage,,MoP,433,433
435,Scarlet Monastery,Dungeon,MoP,,
436,Scarlet Monastery,,MoP,435,
437,Gate of the Setting Sun,Dungeon,MoP,,
438,Gate of the Setting Sun,,MoP,437,
439,Stormstout Brewery,Dungeon,MoP,,
440,Stormstout Brewery,,MoP,439,
441,Stormstout Brewery,,MoP,439,
442,Stormstout Brewery,,MoP,439,
443,Shado-Pan Monastery,Dungeon,MoP,,
444,Shado-Pan Monastery,,MoP,443,
445,Shado-Pan Monastery,,MoP,443,
446,Shado-Pan Monastery,,MoP,443,
447,A Brewing Storm,Scenario,MoP,,
448,The Jade Forest,Scenario,MoP,,
450,Unga Ingoo,Scenario,MoP,,
451,Assault on Zan'vess,Scenario,MoP,,
452,Brewmoon Festival,Scenario,MoP,,
453,Mogu'shan Palace,Dungeon,MoP,,
454,Mogu'shan Palace,,MoP,453,
455,Mogu'shan Palace,,MoP,453,
456,Terrace of Endless Spring,Raid,MoP,,
457,Siege of Niuzao Temple,Dungeon,MoP,,
458,Siege of Niuzao Temple,,MoP,457,
459,Siege of Niuzao Temple,,MoP,457,
460,Shadowglen,,Vanilla,57,
461,Valley of Trials,,Vanilla,1,
462,Camp Narache,,Vanilla,7,
463,Echo Isles,,Vanilla,1,
464,Spitescale Cavern,,Vanilla,1,
465,Deathknell,,Vanilla,18,
466,Night Web's Hollow,,Vanilla,18,
467,Sunstrider Isle,,TBC,94,
468,Ammen Vale,,TBC,97,
469,New Tinkertown,,Vanilla,27,
470,Frostmane Hold,,Vanilla,27,
471,Mogu'shan Vaults,Raid,MoP,,
472,Mogu'shan Vaults,,MoP,471,
473,Mogu'shan Vaults,,MoP,471,
474,Heart of Fear,Raid,MoP,,
475,Heart of Fear,,MoP,474,
476,Scholomance,Dungeon,MoP,,
477,Scholomance,,MoP,476,
478,Scholomance,,MoP,476,
479,Scholomance,,MoP,476,
480,Proving Grounds,Scenario,MoP,,
481,Crypt of Forgotten Kings,Scenario,MoP,,
482,Crypt of Forgotten Kings,,MoP,481,
483,Dustwallow Marsh,,MoP,416,
486,Krasarang Wilds,Scenario,MoP,,
487,A Little Patience,Scenario,MoP,,
488,Dagger in the Dark,Scenario,MoP,,
489,Dagger in the Dark,,MoP,488,
498,Krasarang Wilds,Scenario,MoP,,
499,Deeprun Tram,Zone,Vanilla,,
500,Deeprun Tram,Zone,Cross,,
503,Brawl'gar Arena,,Cross,500,
504,Isle of Thunder,Zone,MoP,,
505,Lightning Vein Mine,,MoP,504,
506,The Swollen Vault,,MoP,504,
507,Isle of Giants,Zone,MoP,,
508,Throne of Thunder,Raid,MoP,,
509,Throne of Thunder,,MoP,508,
510,Throne of Thunder,,MoP,508,
511,Throne of Thunder,,MoP,508,
512,Throne of Thunder,,MoP,508,
513,Throne of Thunder,,MoP,508,
514,Throne of Thunder,,MoP,508,
515,Throne of Thunder,,MoP,508,
518,Thunder King's Citadel,Scenario,MoP,,
519,Deepwind Gorge,Battleground,MoP,,
520,Vale of Eternal Blossoms,Scenario,MoP,,
521,Vale of Eternal Blossoms,,MoP,520,
522,The Secrets of Ragefire,Scenario,MoP,,
523,Dun Morogh,Scenario,MoP,,
524,Battle on the High Seas,Scenario,MoP,,
525,Frostfire Ridge,Zone,WoD,,
526,Turgall's Den,,WoD,525,
527,Turgall's Den,,WoD,525,
528,Turgall's Den,,WoD,525,
529,Turgall's Den,,WoD,525,
530,Grom'gar,,WoD,525,
531,Grulloc's Grotto,,WoD,525,
532,Grulloc's Grotto,,WoD,525,
533,Snowfall Alcove,,WoD,525,
534,Tanaan Jungle,Zone,WoD,,
535,Talador,Zone,WoD,,
536,Tomb of Lights,,WoD,535,
537,Tomb of Souls,,WoD,535,
538,The Breached Ossuary,,WoD,535,
539,Shadowmoon Valley,Zone,WoD,,
540,Bloodthorn Cave,,WoD,539,
541,Den of Secrets,,WoD,539,
542,Spires of Arak,Zone,WoD,,
543,Gorgrond,Zone,WoD,,
544,Moira's Reach,,WoD,543,
545,Moira's Reach,,WoD,543,
546,Fissure of Fury,,WoD,543,
547,Fissure of Fury,,WoD,543,
548,Cragplume Cauldron,,WoD,543,
549,Cragplume Cauldron,,WoD,543,
550,Nagrand,Zone,WoD,,
551,The Masters' Cavern,,WoD,550,
552,Stonecrag Gorge,,WoD,550,
553,Oshu'gun,,WoD,550,
554,Timeless Isle,Zone,MoP,,
555,Cavern of Lost Spirits,,MoP,554,
556,Siege of Orgrimmar,Raid,MoP,,
557,Siege of Orgrimmar,,MoP,556,
558,Siege of Orgrimmar,,MoP,556,
559,Siege of Orgrimmar,,MoP,556,
560,Siege of Orgrimmar,,MoP,556,
561,Siege of Orgrimmar,,MoP,556,
562,Siege of Orgrimmar,,MoP,556,
563,Siege of Orgrimmar,,MoP,556,
564,Siege of Orgrimmar,,MoP,556,
565,Siege of Orgrimmar,,MoP,556,
566,Siege of Orgrimmar,,MoP,556,
567,Siege of Orgrimmar,,MoP,556,
568,Siege of Orgrimmar,,MoP,556,
569,Siege of Orgrimmar,,MoP,556,
570,Siege of Orgrimmar,,MoP,556,
571,Celestial Tournament,Scenario,MoP,,
572,Draenor,Continent,WoD,,
573,Bloodmaul Slag Mines,Dungeon,WoD,,
574,Shadowmoon Burial Grounds,Dungeon,WoD,,
575,Shadowmoon Burial Grounds,,WoD,574,
576,Shadowmoon Burial Grounds,,WoD,574,
579,Lunarfall Excavation,Scenario,WoD,,
580,Lunarfall Excavation,,WoD,579,
581,Lunarfall Excavation,,WoD,579,
582,Lunarfall,,WoD,579,
585,Frostwall Mine,,WoD,579,
586,Frostwall Mine,,WoD,579,
587,Frostwall Mine,,WoD,579,
588,Ashran,Battleground,WoD,,
589,Ashran Mine,,WoD,588,
590,Frostwall,,WoD,579,
593,Auchindoun,Dungeon,WoD,,
595,Iron Docks,Dungeon,WoD,,
596,Blackrock Foundry,Raid,WoD,,
597,Blackrock Foundry,,WoD,596,
598,Blackrock Foundry,,WoD,596,
599,Blackrock Foundry,,WoD,596,
600,Blackrock Foundry,,WoD,596,
601,Skyreach,Dungeon,WoD,,
602,Skyreach,,WoD,601,
606,Grimrail Depot,Dungeon,WoD,,
607,Grimrail Depot,,WoD,606,
608,Grimrail Depot,,WoD,606,
609,Grimrail Depot,,WoD,606,
610,Highmaul,Raid,WoD,,
611,Highmaul,,WoD,610,
612,Highmaul,,WoD,610,
613,Highmaul,,WoD,610,
614,Highmaul,,WoD,610,
615,Highmaul,,WoD,610,
616,Upper Blackrock Spire,Dungeon,WoD,,
617,Upper Blackrock Spire,,WoD,616,
618,Upper Blackrock Spire,,WoD,616,
619,Broken Isles,Continent,Legion,,
620,The Everbloom,Dungeon,WoD,,
621,The Everbloom,,WoD,620,
622,Stormshield,City,WoD,,
623,Hillsbrad Foothills (Southshore vs. Tarren Mill),Battleground,WoD,,
624,Warspear,,WoD,622,
626,Dalaran,ClassHall,Legion,,
627,Dalaran,City,Legion,,
628,Dalaran,,Legion,627,
629,Dalaran,,Legion,627,
630,Azsuna,Zone,Legion,,
631,Nar'thalas Academy,,Legion,630,
632,Oceanus Cove,,Legion,630,
633,Temple of a Thousand Lights,,Legion,630,
634,Stormheim,Zone,Legion,,
635,Shield's Rest,,Legion,634,
636,Stormscale Cavern,,Legion,634,
637,Thorignir Refuge,,Legion,634,
638,Thorignir Refuge,,Legion,634,
639,Aggramar's Vault,,Legion,634,
640,Vault of Eyir,,Legion,634,
641,Val'sharah,Zone,Legion,,
642,Darkpens,,Legion,641,
643,Sleeper's Barrow,,Legion,641,
644,Sleeper's Barrow,,Legion,641,
646,Broken Shore,Zone,Legion,,
647,Acherus: The Ebon Hold,ClassHall,Legion,,
648,Acherus: The Ebon Hold,,Legion,647,
649,Helheim,,Legion,634,
650,Highmountain,Zone,Legion,,
651,Bitestone Enclave,,Legion,650,
652,Thunder Totem,,Legion,650,
653,Cave of the Blood Trial,,Legion,650,
654,Mucksnout Den,,Legion,650,
655,Lifespring Cavern,,Legion,650,
656,Lifespring Cavern,,Legion,650,
657,Path of Huln,,Legion,650,
658,Path of Huln,,Legion,650,
659,Stonedark Grotto,,Legion,650,
660,Feltotem Caverns,,Legion,650,
661,Hellfire Citadel,Raid,WoD,,
662,Hellfire Citadel,,WoD,661,
663,Hellfire Citadel,,WoD,661,
664,Hellfire Citadel,,WoD,661,
665,Hellfire Citadel,,WoD,661,
666,Hellfire Citadel,,WoD,661,
667,Hellfire Citadel,,WoD,661,
668,Hellfire Citadel,,WoD,661,
669,Hellfire Citadel,,WoD,661,
670,Hellfire Citadel,,WoD,661,
680,Suramar,Zone,Legion,,
681,The Arcway Vaults,,Legion,680,
682,Felsoul Hold,,Legion,680,
683,The Arcway Vaults,,Legion,680,
684,Shattered Locus,,Legion,680,
685,Shattered Locus,,Legion,680,
686,Elor'shan,,Legion,680,
687,Kel'balor,,Legion,680,
688,Ley Station Anora,,Legion,680,
689,Ley Station Moonfall,,Legion,680,
690,Ley Station Aethenar,,Legion,680,
691,Nyell's Workshop,,Legion,680,
692,Falanaar Arcway,,Legion,680,
693,Falanaar Arcway,,Legion,680,
695,Skyhold,ClassHall,Legion,,
702,Netherlight Temple,ClassHall,Legion,,
703,Halls of Valor,Dungeon,Legion,,
704,Halls of Valor,,Legion,703,
705,Halls of Valor,,Legion,703,
706,Helmouth Cliffs,Dungeon,Legion,,
707,Helmouth Cliffs,,Legion,706,
708,Helmouth Cliffs,,Legion,706,
709,The Wandering Isle,ClassHall,Legion,,
710,Vault of the Wardens,Dungeon,Legion,,
711,Vault of the Wardens,,Legion,710,
712,Vault of the Wardens,,Legion,710,
713,Eye of Azshara,Dungeon,Legion,,
715,Emerald Dreamway,ClassHall,Legion,,
717,Dreadscar Rift,ClassHall,Legion,,
719,"Mardum, the Shattered Abyss",ClassHall,Legion,,
720,"Mardum, the Shattered Abyss",,Legion,719,
721,"Mardum, the Shattered Abyss",,Legion,719,
726,The Maelstrom,ClassHall,Legion,,
731,Neltharion's Lair,Dungeon,Legion,,
732,Violet Hold,Dungeon,Legion,,
733,Darkheart Thicket,Dungeon,Legion,,
734,Hall of the Guardian,ClassHall,Legion,,
735,Hall of the Guardian,,Legion,734,
739,Trueshot Lodge,ClassHall,Legion,,
747,The Dreamgrove,,Legion,715,
749,The Arcway,Dungeon,Legion,,
751,Black Rook Hold,Dungeon,Legion,,
752,Black Rook Hold,,Legion,751,
753,Black Rook Hold,,Legion,751,
754,Black Rook Hold,,Legion,751,
755,Black Rook Hold,,Legion,751,
756,Black Rook Hold,,Legion,751,
761,Court of Stars,Dungeon,Legion,,
762,Court of Stars,,Legion,761,
763,Court of Stars,,Legion,761,
764,The Nighthold,Raid,Legion,,
765,The Nighthold,,Legion,764,
766,The Nighthold,,Legion,764,
767,The Nighthold,,Legion,764,
768,The Nighthold,,Legion,764,
769,The Nighthold,,Legion,764,
770,The Nighthold,,Legion,764,
771,The Nighthold,,Legion,764,
772,The Nighthold,,Legion,764,
777,The Emerald Nightmare,Raid,Legion,,
778,The Emerald Nightmare,,Legion,777,
779,The Emerald Nightmare,,Legion,777,
780,The Emerald Nightmare,,Legion,777,
781,The Emerald Nightmare,,Legion,777,
782,The Emerald Nightmare,,Legion,777,
783,The Emerald Nightmare,,Legion,777,
784,The Emerald Nightmare,,Legion,777,
785,The Emerald Nightmare,,Legion,777,
786,The Emerald Nightmare,,Legion,777,
787,The Emerald Nightmare,,Legion,777,
788,The Emerald Nightmare,,Legion,777,
789,The Emerald Nightmare,,Legion,777,
790,Eye of Azshara,Zone,Legion,,
806,Trial of Valor,Raid,Legion,,
807,Trial of Valor,,Legion,806,
808,Trial of Valor,,Legion,806,
809,Karazhan,Dungeon,Legion,,
810,Karazhan,,Legion,809,
811,Karazhan,,Legion,809,
812,Karazhan,,Legion,809,
813,Karazhan,,Legion,809,
814,Karazhan,,Legion,809,
815,Karazhan,,Legion,809,
816,Karazhan,,Legion,809,
817,Karazhan,,Legion,809,
818,Karazhan,,Legion,809,
819,Karazhan,,Legion,809,
820,Karazhan,,Legion,809,
821,Karazhan,,Legion,809,
822,Karazhan,,Legion,809,
830,Krokuun,Zone,Legion,,
831,The Vindicaar,,Legion,830,
832,The Vindicaar,,Legion,830,
833,Nath'raxas Spire,,Legion,830,
845,Cathedral of Eternal Night,Dungeon,Legion,,
846,Cathedral of Eternal Night,,Legion,845,
847,Cathedral of Eternal Night,,Legion,845,
848,Cathedral of Eternal Night,,Legion,845,
849,Cathedral of Eternal Night,,Legion,845,
850,Tomb of Sargeras,Raid,Legion,,
851,Tomb of Sargeras,,Legion,850,
852,Tomb of Sargeras,,Legion,850,
853,Tomb of Sargeras,,Legion,850,
854,Tomb of Sargeras,,Legion,850,
855,Tomb of Sargeras,,Legion,850,
856,Tomb of Sargeras,,Legion,850,
862,Zuldazar,Zone,BfA,,
863,Nazmir,Zone,BfA,,
864,Vol'dun,Zone,BfA,,
875,Zandalar,Continent,BfA,,
876,Kul Tiras,Continent,BfA,,
882,Eredath,,Legion,830,
883,The Vindicaar,,Legion,830,
884,The Vindicaar,,Legion,830,
885,Antoran Wastes,,Legion,830,
886,The Vindicaar,,Legion,830,
887,The Vindicaar,,Legion,830,
895,Tiragarde Sound,Zone,BfA,,
896,Drustvar,Zone,BfA,,
897,The Deaths of Chromie,Scenario,Legion,,
898,The Deaths of Chromie,,Legion,897,
899,The Deaths of Chromie,,Legion,897,
900,The Deaths of Chromie,,Legion,897,
901,The Deaths of Chromie,,Legion,897,
902,The Deaths of Chromie,,Legion,897,
903,The Seat of the Triumvirate,Dungeon,Legion,,
905,Argus,,Legion,830,
907,Seething Shore,Battleground,Legion,,
909,"Antorus, the Burning Throne",Raid,Legion,,
910,"Antorus, the Burning Throne",,Legion,909,
911,"Antorus, the Burning Throne",,Legion,909,
912,"Antorus, the Burning Throne",,Legion,909,
913,"Antorus, the Burning Throne",,Legion,909,
914,"Antorus, the Burning Throne",,Legion,909,
915,"Antorus, the Burning Throne",,Legion,909,
916,"Antorus, the Burning Throne",,Legion,909,
917,"Antorus, the Burning Throne",,Legion,909,
918,"Antorus, the Burning Throne",,Legion,909,
919,"Antorus, the Burning Throne",,Legion,909,
920,"Antorus, the Burning Throne",,Legion,909,
921,Invasion Point: Aurinor,Zone,Legion,,
922,Invasion Point: Bonich,,Legion,921,
923,Invasion Point: Cen'gar,,Legion,921,
924,Invasion Point: Naigtal,,Legion,921,
925,Invasion Point: Sangua,,Legion,921,
926,Invasion Point: Val,,Legion,921,
927,Greater Invasion Point: Pit Lord Vilemus,,Legion,921,
928,Greater Invasion Point: Mistress Alluradel,,Legion,921,
929,Greater Invasion Point: Matron Folnuna,,Legion,921,
930,Greater Invasion Point: Inquisitor Meto,,Legion,921,
931,Greater Invasion Point: Sotanathor,,Legion,921,
932,Greater Invasion Point: Occularus,,Legion,921,
934,Atal'Dazar,Dungeon,BfA,,
935,Atal'Dazar,,BfA,934,
936,Freehold,Dungeon,BfA,,
942,Stormsong Valley,Zone,BfA,,
946,Cosmic,Continent,Cross,,
947,Azeroth,Continent,Cross,,
948,The Maelstrom,Continent,Cata,,
974,Tol Dagor,Dungeon,BfA,,
975,Tol Dagor,,BfA,974,
976,Tol Dagor,,BfA,974,
977,Tol Dagor,,BfA,974,
978,Tol Dagor,,BfA,974,
979,Tol Dagor,,BfA,974,
980,Tol Dagor,,BfA,974,
1004,Kings' Rest,Dungeon,BfA,,
1010,The MOTHERLODE!!,Dungeon,BfA,,
1015,Waycrest Manor,Dungeon,BfA,,
1016,Waycrest Manor,,BfA,1015,
1017,Waycrest Manor,,BfA,1015,
1018,Waycrest Manor,,BfA,1015,
1029,Waycrest Manor,,BfA,1015,
1030,Greymane Manor,,Cata,217,
1031,Greymane Manor,,Cata,217,
1038,Temple of Sethraliss,Dungeon,BfA,,
1039,Shrine of the Storm,Dungeon,BfA,,
1040,Shrine of the Storm,,BfA,1039,
1041,The Underrot,Dungeon,BfA,,
1042,The Underrot,,BfA,1041,
1043,Temple of Sethraliss,,BfA,1038,
1148,Uldir,Raid,BfA,,
1149,Uldir,,BfA,1148,
1150,Uldir,,BfA,1148,
1151,Uldir,,BfA,1148,
1152,Uldir,,BfA,1148,
1153,Uldir,,BfA,1148,
1154,Uldir,,BfA,1148,
1155,Uldir,,BfA,1148,
1161,Boralus,City,BfA,,
1162,Siege of Boralus,Dungeon,BfA,,
1164,Dazar'alor,City,BfA,,
1165,Dazar'alor,,BfA,1164,
1166,Zanchul,,BfA,1164,
1167,Zanchul,,BfA,1164,
1171,Gol Thovas,,BfA,895,
1172,Gol Thovas,,BfA,895,
1173,Rastakhan's Might,,BfA,862,
1174,Rastakhan's Might,,BfA,862,
1176,Breath Of Pa'ku,,BfA,862,
1177,Breath Of Pa'ku,,BfA,862,
1179,Abyssal Melody,,BfA,942,
1180,Abyssal Melody,,BfA,942,
1182,Saltstone Mine,,BfA,942,
1183,Thornheart,,BfA,942,
1184,Winterchill Mine,,BfA,895,
1185,Winterchill Mine,,BfA,895,
1339,Warsong Gulch,,Vanilla,92,
1345,Crucible of Storms,Raid,BfA,,
1346,Crucible of Storms,,BfA,1345,
1352,Battle of Dazar'alor,Raid,BfA,,
1353,Battle of Dazar'alor,,BfA,1352,
1354,Battle of Dazar'alor,,BfA,1352,
1355,Nazjatar,Zone,BfA,,
1356,Battle of Dazar'alor,,BfA,1352,
1357,Battle of Dazar'alor,,BfA,1352,
1358,Battle of Dazar'alor,,BfA,1352,
1361,OldIronforge,,Vanilla,87,
1364,Battle of Dazar'alor,,BfA,1352,
1366,Arathi Basin,,Vanilla,93,
1367,Battle of Dazar'alor,,BfA,1352,
1383,Arathi Basin,,Vanilla,93,
1462,Mechagon Island,Zone,BfA,,
1469,Vision of Orgrimmar,Scenario,BfA,,
1470,Vision of Stormwind,,BfA,1469,
1473,Chamber of Heart,Zone,BfA,,
1490,Mechagon,Dungeon,BfA,,
1491,Mechagon,,BfA,1490,
1493,Mechagon,,BfA,1490,
1494,Mechagon,,BfA,1490,
1497,Mechagon,,BfA,1490,
1499,Zin-Azshari,,BfA,1355,
1500,,,BfA,1355,
1512,The Eternal Palace,Raid,BfA,,
1513,The Eternal Palace,,BfA,1512,
1514,The Eternal Palace,,BfA,1512,
1522,Crumbling Cavern,,BfA,1462,
1525,Revendreth,Zone,SL,,
1527,Uldum,Zone,BfA,,
1528,Nazjatar,,BfA,1355,
1530,Vale of Eternal Blossoms,Zone,BfA,,
1533,Bastion,Zone,SL,,
1534,Orgrimmar,,Vanilla,85,
1536,Maldraxxus,Zone,SL,,
1537,Alterac Valley,,Vanilla,91,
1543,The Maw,Zone,SL,,
1550,The Shadowlands,Continent,SL,,
1565,Ardenweald,Zone,SL,,
1570,Vale of Eternal Blossoms,,BfA,1530,
1571,Uldum,,BfA,1527,
1576,Deepwind Gorge,,MoP,519,
1580,Ny'alotha,Raid,BfA,,
1581,Ny'alotha,,BfA,1580,
1582,Ny'alotha,,BfA,1580,
1590,Ny'alotha,,BfA,1580,
1591,Ny'alotha,,BfA,1580,
1592,Ny'alotha,,BfA,1580,
1593,Ny'alotha,,BfA,1580,
1594,Ny'alotha,,BfA,1580,
1595,Ny'alotha,,BfA,1580,
1596,Ny'alotha,,BfA,1580,
1597,Ny'alotha,,BfA,1580,
1618,Torghast,Zone,SL,,
1619,Torghast,,SL,1618,
1620,Torghast,,SL,1618,
1621,Torghast,,SL,1618,
1623,Torghast,,SL,1618,
1624,Torghast,,SL,1618,
1627,Torghast,,SL,1618,
1628,Torghast,,SL,1618,
1629,Torghast,,SL,1618,
1630,Torghast,,SL,1618,
1631,Torghast,,SL,1618,
1632,Torghast,,SL,1618,
1635,Torghast,,SL,1618,
1636,Torghast,,SL,1618,
1641,Torghast,,SL,1618,
1644,Ember Court,Scenario,SL,,
1645,Torghast,,SL,1618,
1649,Etheric Vault,,SL,1536,
1650,Sightless Hold,,SL,1536,
1651,Molten Forge,,SL,1536,
1652,Vault of Souls,,SL,1536,
1662,Queen's Conservatory,Scenario,SL,,
1663,Halls of Atonement,Dungeon,SL,,
1664,Halls of Atonement,,SL,1663,
1665,Halls of Atonement,,SL,1663,
1666,The Necrotic Wake,Dungeon,SL,,
1667,The Necrotic Wake,,SL,1666,
1668,The Necrotic Wake,,SL,1666,
1669,Mists of Tirna Scithe,Dungeon,SL,,
1670,Oribos,City,SL,,
1671,Oribos,,SL,1670,
1672,Oribos,,SL,1670,
1673,Oribos,,SL,1670,
1674,Plaguefall,Dungeon,SL,,
1675,Sanguine Depths,Dungeon,SL,,
1676,Sanguine Depths,,SL,1675,
1677,De Other Side,Dungeon,SL,,
1678,De Other Side,,SL,1677,
1679,De Other Side,,SL,1677,
1680,De Other Side,,SL,1677,
1683,Theater of Pain,Dungeon,SL,,
1684,Theater of Pain,,SL,1683,
1685,Theater of Pain,,SL,1683,
1686,Theater of Pain,,SL,1683,
1687,Theater of Pain,,SL,1683,
1690,Aspirant's Quarters,,SL,1533,
1692,Spires Of Ascension,Dungeon,SL,,
1693,Spires Of Ascension,,SL,1692,
1694,Spires Of Ascension,,SL,1692,
1695,Spires Of Ascension,,SL,1692,
1697,Plaguefall,,SL,1674,
1698,Seat of the Primus,Zone,SL,,
1699,Sinfall,Zone,SL,,
1700,Sinfall,,SL,1699,
1701,Heart of the Forest,Zone,SL,,
1702,Heart of the Forest,,SL,1701,
1703,Heart of the Forest,,SL,1701,
1707,Elysian Hold,Zone,SL,,
1708,Elysian Hold,,SL,1707,
1711,Ascension Coliseum,Scenario,SL,,
1712,Torghast,,SL,1618,
1713,Path of Wisdom,,SL,1533,
1714,Third Chamber of Kalliope,,SL,1533,
1721,Torghast,,SL,1618,
1735,Castle Nathria,Raid,SL,,
1736,Torghast,,SL,1618,
1744,Castle Nathria,,SL,1735,
1745,Castle Nathria,,SL,1735,
1746,Castle Nathria,,SL,1735,
1747,Castle Nathria,,SL,1735,
1748,Castle Nathria,,SL,1735,
1749,Torghast,,SL,1618,
1750,Castle Nathria,,SL,1735,
1751,Torghast,,SL,1618,
1752,Torghast,,SL,1618,
1753,Torghast,,SL,1618,
1754,Torghast,,SL,1618,
1756,Torghast,,SL,1618,
1757,Torghast,,SL,1618,
1758,Torghast,,SL,1618,
1759,Torghast,,SL,1618,
1760,Torghast,,SL,1618,
1761,Torghast,,SL,1618,
1763,Torghast,,SL,1618,
1764,Torghast,,SL,1618,
1765,Torghast,,SL,1618,
1766,Torghast,,SL,1618,
1767,Torghast,,SL,1618,
1768,Torghast,,SL,1618,
1769,Torghast,,SL,1618,
1770,Torghast,,SL,1618,
1771,Torghast,,SL,1618,
1772,Torghast,,SL,1618,
1773,Torghast,,SL,1618,
1774,Torghast,,SL,1618,
1776,Torghast,,SL,1618,
1777,Torghast,,SL,1618,
1778,Torghast,,SL,1618,
1779,Torghast,,SL,1618,
1780,Torghast,,SL,1618,
1781,Torghast,,SL,1618,
1782,Torghast,,SL,1618,
1783,Torghast,,SL,1618,
1784,Torghast,,SL,1618,
1785,Torghast,,SL,1618,
1786,Torghast,,SL,1618,
1787,Torghast,,SL,1618,
1788,Torghast,,SL,1618,
1789,Torghast,,SL,1618,
1791,Torghast,,SL,1618,
1792,Torghast,,SL,1618,
1793,Torghast,,SL,1618,
1794,Torghast,,SL,1618,
1795,Torghast,,SL,1618,
1796,Torghast,,SL,1618,
1797,Torghast,,SL,1618,
1798,Torghast,,SL,1618,
1799,Torghast,,SL,1618,
1800,Torghast,,SL,1618,
1801,Torghast,,SL,1618,
1802,Torghast,,SL,1618,
1803,Torghast,,SL,1618,
1804,Torghast,,SL,1618,
1805,Torghast,,SL,1618,
1806,Torghast,,SL,1618,
1807,Torghast,,SL,1618,
1808,Torghast,,SL,1618,
1809,Torghast,,SL,1618,
1810,Torghast,,SL,1618,
1811,Torghast,,SL,1618,
1812,Torghast,,SL,1618,
1816,Claw's Edge,,SL,1565,
1818,Tirna Vaal,,SL,1565,
1819,Fungal Terminus,,SL,1701,
1820,Pit of Anguish,,SL,1543,
1821,Pit of Anguish,,SL,1543,
1822,Extractor's Sanatorium,,SL,1543,
1823,Altar of Domination,,SL,1543,
1824,Matriarch's Den,,SL,1565,
1825,The Root Cellar,,SL,1565,
1826,The Root Cellar,,SL,1565,
1827,The Root Cellar,,SL,1565,
1829,,,SL,1565,
1911,Torghast - Entrance,,SL,1618,
1912,The Runecarver's Oubliette,Zone,SL,,
1913,Torghast,,SL,1618,
1920,Torghast,,SL,1618,
1961,Korthia,Zone,SL,,
1962,Torghast,,SL,1618,
1963,Torghast,,SL,1618,
1964,Torghast,,SL,1618,
1965,Torghast,,SL,1618,
1966,Torghast,,SL,1618,
1967,Torghast,,SL,1618,
1968,Torghast,,SL,1618,
1969,Torghast,,SL,1618,
1970,Zereth Mortis,Zone,SL,,
1974,Torghast,,SL,1618,
1975,Torghast,,SL,1618,
1976,Torghast,,SL,1618,
1977,Torghast,,SL,1618,
1978,Dragon Isles,Continent,DF,,
1979,Torghast,,SL,1618,
1980,Torghast,,SL,1618,
1981,Torghast,,SL,1618,
1982,Torghast,,SL,1618,
1983,Torghast,,SL,1618,
1984,Torghast,,SL,1618,
1985,Torghast,,SL,1618,
1986,Torghast,,SL,1618,
1987,Torghast,,SL,1618,
1988,Torghast,,SL,1618,
1989,"Tazavesh, the Veiled Market",Dungeon,SL,,
1990,"Tazavesh, the Veiled Market",,SL,1989,
1991,"Tazavesh, the Veiled Market",,SL,1989,
1992,"Tazavesh, the Veiled Market",,SL,1989,
1993,"Tazavesh, the Veiled Market",,SL,1989,
1995,"Tazavesh, the Veiled Market",,SL,1989,
1996,"Tazavesh, the Veiled Market",,SL,1989,
1997,"Tazavesh, the Veiled Market",,SL,1989,
1998,Sanctum of Domination,Raid,SL,,
1999,Sanctum of Domination,,SL,1998,
2000,Sanctum of Domination,,SL,1998,
2001,Sanctum of Domination,,SL,1998,
2002,Sanctum of Domination,,SL,1998,
2003,Sanctum of Domination,,SL,1998,
2004,Sanctum of Domination,,SL,1998,
2006,Cavern of Contemplation,,SL,1961,
2007,Gromit Hollow,,SL,1961,
2008,Chamber of the Sigil,,SL,1961,
2016,"Tazavesh, the Veiled Market",,SL,1670,
2022,The Waking Shores,Zone,DF,,
2023,Ohn'ahran Plains,Zone,DF,,
2024,The Azure Span,Zone,DF,,
2025,Thaldraszus,Zone,DF,,
2027,Blooming Foundry,,SL,1970,
2028,Locrian Esper,,SL,1970,
2029,Gravid Repose,,SL,1970,
2030,Nexus of Actualization,,SL,1970,
2031,Crypts of the Eternal,,SL,1970,
2047,Sepulcher of the First Ones,Raid,SL,,
2048,Sepulcher of the First Ones,,SL,2047,
2049,Sepulcher of the First Ones,,SL,2047,
2050,Sepulcher of the First Ones,,SL,2047,
2051,Sepulcher of the First Ones,,SL,2047,
2052,Sepulcher of the First Ones,,SL,2047,
2055,Sepulcher of the First Ones,,SL,2047,
2061,Sepulcher of the First Ones,,SL,2047,
2066,Catalyst Wards,,SL,1970,
2070,Tirisfal Glades,Zone,BfA,,
2071,Uldaman: Legacy of Tyr,Dungeon,DF,,
2072,Uldaman: Legacy of Tyr,,DF,2071,
2073,The Azure Vault,Dungeon,DF,,
2074,The Azure Vault,,DF,2073,
2075,The Azure Vault,,DF,2073,
2076,The Azure Vault,,DF,2073,
2077,The Azure Vault,,DF,2073,
2080,Neltharus,Dungeon,DF,,
2081,Neltharus,,DF,2080,
2082,Halls Of Infusion,Dungeon,DF,,
2083,Halls Of Infusion,,DF,2082,
2085,The Primalist Future,Scenario,DF,,
2093,The Nokhud Offensive,Dungeon,DF,,
2094,Ruby Life Pools,Dungeon,DF,,
2095,Ruby Life Pools,,DF,2094,
2096,Brackenhide Hollow,Dungeon,DF,,
2097,Algeth'ar Academy,Dungeon,DF,,
2098,Algeth'ar Academy,,DF,2097,
2099,Algeth'ar Academy,,DF,2097,
2100,The Siege Creche,Zone,DF,,
2101,The Support Creche,,DF,2100,
2102,The War Creche,,DF,2100,
2106,Brackenhide Hollow,,DF,2096,
2109,The War Creche,,DF,2100,
2110,The Support Creche,,DF,2100,
2111,The Siege Creche,,DF,2100,
2112,Valdrakken,City,DF,,
2119,Vault of the Incarnates,Raid,DF,,
2120,Vault of the Incarnates,,DF,2119,
2121,Vault of the Incarnates,,DF,2119,
2122,Vault of the Incarnates,,DF,2119,
2123,Vault of the Incarnates,,DF,2119,
2124,Vault of the Incarnates,,DF,2119,
2125,Vault of the Incarnates,,DF,2119,
2126,Vault of the Incarnates,,DF,2119,
2132,The Azure Span,,DF,2024,
2133,Zaralek Cavern,Zone,DF,,
2150,Dragonskull Island,,DF,2100,
2151,The Forbidden Reach,,DF,2100,
2154,Froststone Vault,,DF,2100,
2162,Alterac Valley,,Vanilla,91,
2165,The Throughway,,DF,2133,
2166,"Aberrus, the Shadowed Crucible",Raid,DF,,
2167,"Aberrus, the Shadowed Crucible",,DF,2166,
2168,"Aberrus, the Shadowed Crucible",,DF,2166,
2169,"Aberrus, the Shadowed Crucible",,DF,2166,
2170,"Aberrus, the Shadowed Crucible",,DF,2166,
2184,Zaralek Cavern,,DF,2133,
2190,Sanctum of Chronology,Dungeon,DF,,
2191,Millennia's Threshold,,DF,2190,
2192,Locus of Eternity,,DF,2190,
2193,Spoke of Endless Winter,,DF,2190,
2194,Crossroads of Fate,,DF,2190,
2195,Infinite Conflux,,DF,2190,
2196,Twisting Approach,,DF,2190,
2197,Immemorial Battlefield,,DF,2190,
2198,Dawn of the Infinite,,DF,2190,
2199,Tyrhold Reservoir,,DF,2025,
2200,Emerald Dream,Zone,DF,,
2213,City of Threads,Zone,TWW,,
2214,The Ringing Deeps,Zone,TWW,,
2215,Hallowfall,Zone,TWW,,
2216,City of Threads - Lower,,TWW,2213,
2232,Amirdrassil,Raid,DF,,
2233,Amirdrassil,,DF,2232,
2234,Amirdrassil,,DF,2232,
2235,The Northern Boughs,,DF,2232,
2236,The Eastern Boughs,,DF,2232,
2237,The Southern Boughs,,DF,2232,
2238,Amirdrassil,,DF,2232,
2239,Amirdrassil,Zone,DF,,
2240,Amirdrassil,,DF,2232,
2244,Amirdrassil,,DF,2232,
2248,Isle of Dorn,Zone,TWW,,
2249,Fungal Folly,Delve,TWW,,
2250,Kriegval's Rest,Delve,TWW,,
2251,The Waterworks,Delve,TWW,,
2253,Sor'theril Barrow Den,,DF,2200,
2254,Barrows of Reverie,,DF,2200,
2255,Azj-Kahet,,TWW,2213,
2256,Azj-Kahet - Lower,,TWW,2213,
2259,Tak-Rethan Abyss,Delve,TWW,,
2262,Traitor's Rest,,DF,2024,
2269,Earthcrawl Mines,Delve,TWW,,
2274,Khaz Algar,Continent,TWW,,
2277,Nightfall Sanctum,Delve,TWW,,
2291,Nerub-ar Palace,Raid,TWW,,
2292,Nerub-ar Palace,,TWW,2291,
2293,Nerub-ar Palace,,TWW,2291,
2294,Nerub-ar Palace,,TWW,2291,
2295,Nerub-ar Palace,,TWW,2291,
2296,Nerub-ar Palace,,TWW,2291,
2299,The Underkeep,Delve,TWW,,
2300,The Sinkhole,Delve,TWW,,
2301,The Sinkhole,,TWW,2300,
2302,The Dread Pit,Delve,TWW,,
2303,Darkflame Cleft,Dungeon,TWW,,
2308,Priory of the Sacred Flame,Dungeon,TWW,,
2309,Priory of the Sacred Flame,,TWW,2308,
2310,Skittering Breach,Delve,TWW,,
2312,Mycomancer Cavern,Delve,TWW,,
2313,The Spiral Weave,Delve,TWW,,
2314,Tak-Rethan Abyss,,TWW,2259,
2315,The Rookery,Dungeon,TWW,,
2316,The Rookery,,TWW,2315,
2317,The Rookery,,TWW,2315,
2318,The Rookery,,TWW,2315,
2319,The Rookery,,TWW,2315,
2320,The Rookery,,TWW,2315,
2328,The Proscenium,,TWW,2248,
2335,Cinderbrew Meadery,Dungeon,TWW,,
2339,Dornogal,City,TWW,,
2341,The Stonevault,Dungeon,TWW,,
2343,City of Threads,Dungeon,TWW,,
2344,City of Threads,,TWW,2343,
2345,Deephaul Ravine,Battleground,TWW,,
2346,Undermine,Zone,TWW,,2274
2347,The Spiral Weave,,TWW,2313,
2348,Zekvir's Lair,Delve,TWW,,
2351,Razorwind Shores,Zone,TWW,,
2352,Founder's Point,,TWW,2351,
2357,City of Echoes,Dungeon,TWW,,
2358,City of Echoes,,TWW,2357,
2359,The Dawnbreaker,Dungeon,TWW,,
2362,Blackrock Depths,Raid,TWW,,
2363,Blackrock Depths,,TWW,2362,
2369,Siren Isle,Zone,TWW,,
2371,K'aresh,Zone,TWW,,
2375,The Forgotten Vault,,TWW,2369,
2387,Operation: Floodgate,Dungeon,TWW,,
2388,Operation: Floodgate,,TWW,2387,
2393,Silvermoon City,City,Midnight,,
2395,Eversong Woods,Zone,Midnight,,
2396,Excavation Site 9,Delve,TWW,,
2403,Vision of Orgrimmar,,BfA,1469,
2404,Vision of Stormwind,,BfA,1469,
2405,Voidstorm,Zone,Midnight,,
2406,Undermine,Raid,TWW,,
2407,Undermine,,TWW,2406,
2408,Undermine,,TWW,2406,
2409,Undermine,,TWW,2406,
2411,Undermine,,TWW,2406,
2413,Harandar,Zone,Midnight,,
2420,Sidestreet Sluice,Delve,TWW,,
2421,Sidestreet Sluice,,TWW,2420,
2422,Sidestreet Sluice,,TWW,2420,
2423,Sidestreet Sluice,,TWW,2420,
2424,Isle of Quel'Danas,Zone,Midnight,,
2425,Demolition Dome,Delve,TWW,,
2426,Demolition Dome,,TWW,2425,
2427,Sporefall,Raid,Midnight,,
2428,Undermine,,TWW,2406,
2433,Murder Row,Dungeon,Midnight,,
2434,Augurs' Terrace,,Midnight,2433,
2435,The Illicit Rain,,Midnight,2433,
2437,Zul'Aman,Zone,Midnight,,
2444,Slayer's Rise,Battleground,Midnight,,
2447,Dastardly Dome,Scenario,TWW,,
2449,Eco-Dome Al'dani,Dungeon,TWW,,
2452,Archival Assault,Delve,TWW,,
2453,Archival Assault,,TWW,2452,
2454,Archival Assault,,TWW,2452,
2455,Archival Assault,,TWW,2452,
2460,Manaforge Omega,Raid,TWW,,
2461,Manaforge Omega,,TWW,2460,
2462,Manaforge Omega,,TWW,2460,
2463,Manaforge Omega,,TWW,2460,
2464,Manaforge Omega,,TWW,2460,
2465,Manaforge Omega,,TWW,2460,
2466,Manaforge Omega,,TWW,2460,
2467,Manaforge Omega,,TWW,2460,
2468,Manaforge Omega,,TWW,2460,
2469,Manaforge Omega,,TWW,2460,
2470,Manaforge Omega,,TWW,2460,
2471,Manaforge Omega,,TWW,2460,
2472,Tazavesh,,TWW,2371,
2476,Archival Assault,,TWW,2452,
2477,Voidscar Cavern,,TWW,2371,
2484,Voidrazor Sanctuary,Delve,TWW,,
2492,Windrunner Spire,Dungeon,Midnight,,
2493,Windrunner Spire,,Midnight,2492,
2494,Windrunner Spire,,Midnight,2492,
2496,Windrunner Spire,,Midnight,2492,
2497,Windrunner Spire,,Midnight,2492,
2498,Windrunner Spire,,Midnight,2492,
2499,Windrunner Spire,,Midnight,2492,
2500,The Blinding Vale,Dungeon,Midnight,,
2501,Maisara Caverns,Dungeon,Midnight,,
2502,Shadow Enclave,Delve,Midnight,,
2503,Twilight Crypts,Delve,Midnight,,
2504,Twilight Crypts,,Midnight,2503,
2505,Gulf of Memory,Delve,Midnight,,
2506,Shadowguard Point,Delve,Midnight,,
2507,Torment's Rise,Delve,Midnight,,
2510,The Grudge Pit,Delve,Midnight,,
2511,Magisters' Terrace,Dungeon,Midnight,,
2513,Den of Nalorakk,Dungeon,Midnight,,
2514,Den of Nalorakk,,Midnight,2513,
2515,Magister's Terrace,,Midnight,2511,
2516,Magister's Terrace,,Midnight,2511,
2517,Magister's Terrace,,Midnight,2511,
2518,Magister's Terrace,,Midnight,2511,
2519,Magister's Terrace,,Midnight,2511,
2520,Magister's Terrace,,Midnight,2511,
2522,Abundant Grotto,,Midnight,2413,
2523,Abundant Grotto,,Midnight,2413,
2525,The Darkway,Delve,Midnight,,
2526,Lair of Predaxas,,Midnight,2405,
2527,Lair of Predaxas,,Midnight,2405,
2528,Sunkiller Sanctum,Delve,Midnight,,
2529,The Voidspire,Raid,Midnight,,
2530,The Voidspire,,Midnight,2529,
2531,The Dreamrift,Raid,Midnight,,
2532,The Dreamrift,,Midnight,2531,
2533,March on Quel'Danas,Raid,Midnight,,
2534,March on Quel'Danas,,Midnight,2533,
2535,Atal'Aman,Delve,Midnight,,
2536,Atal'Aman,,Midnight,2437,
2537,Quel'Thalas,Continent,Midnight,,
2541,Arcantina,Zone,Cross,,
2545,Parhelion Plaza,Delve,Midnight,,
2547,Collegiate Calamity,Delve,Midnight,,
2556,Nexus Point Xenas,Dungeon,Midnight,,
2564,Den of Nalorakk,,Midnight,2513,
2571,Sunkiller Sanctum,,Midnight,2528,
2572,Voidscar Arena,Dungeon,Midnight,,
2573,Voidscar Arena,,Midnight,2572,
2574,Voidscar Arena,,Midnight,2572,
2575,Gulf of Memory,,Midnight,2505,
2576,The Den,,Midnight,2413,
2577,Collegiate Calamity,,Midnight,2547,
2578,Collegiate Calamity,,Midnight,2547,
2579,Wartha'nan Crypts,,Midnight,2395,
2580,Loaknit Den,,Midnight,2437,
2581,Voidburrow,,Midnight,2405,
2582,Voidburrow,,Midnight,2405,
2583,Wit'Kalar Crypt,,Midnight,2437,
2584,Revantusk Sedge,,Midnight,2437,
2599,Val,Zone,Midnight,,
2600,Naigtal,Zone,Midnight,,
2617,Void Acropolis,,Midnight,2599,
2618,Void Acropolis,,Midnight,2599,
2619,Void Acropolis,,Midnight,2599,
2620,Forgotten Depths,,Midnight,2599,
2621,Forgotten Depths,,Midnight,2599,
2646,Vilaldoun,,Midnight,2600,
2649,The Lycaneum,,Midnight,2424,